"score_unit_mode","n_cells","dt_cusum_win","dt_cusum_ratio","dt_calendar_win","dt_calendar_ratio","frac_deployed_better","mean_sqrt_debt","axis","severity","rep","regret_mode"
"median",72,0.444444444444444,1.03373009254377,0.722222222222222,0.858521421494792,0.243203125,1.32726059725536,"tail",Inf,1,"signed"
"q75",72,0.861111111111111,0.956236989914125,1,0.64573053962881,0.243203125,1.32726059725536,"tail",Inf,1,"signed"
"mean",72,0.944444444444444,0.944536505990982,1,0.621159992067494,0.243203125,1.32726059725536,"tail",Inf,1,"signed"
"median",72,0.513888888888889,1.00355488228189,0.694444444444444,0.84174719255197,0.2559375,1.23155233127688,"tail",Inf,2,"signed"
"q75",72,0.875,0.947145278956418,1,0.64060080979961,0.2559375,1.23155233127688,"tail",Inf,2,"signed"
"mean",72,0.958333333333333,0.946631136707243,1,0.606434035629434,0.2559375,1.23155233127688,"tail",Inf,2,"signed"
"median",72,0.472222222222222,1.01675520003426,0.666666666666667,0.88720827427008,0.255859375,1.17207790982141,"tail",Inf,3,"signed"
"q75",72,0.847222222222222,0.955263049924711,1,0.668970655126566,0.255859375,1.17207790982141,"tail",Inf,3,"signed"
"mean",72,0.888888888888889,0.960582437976861,1,0.629889077108402,0.255859375,1.17207790982141,"tail",Inf,3,"signed"
"median",72,0.555555555555556,1.00921799649647,0.75,0.836302054607523,0.260546875,1.33979235894422,"tail",8,1,"signed"
"q75",72,0.888888888888889,0.935111382749589,1,0.633229563056997,0.260546875,1.33979235894422,"tail",8,1,"signed"
"mean",72,1,0.914038807155853,1,0.607274997077018,0.260546875,1.33979235894422,"tail",8,1,"signed"
"median",72,0.513888888888889,1.00268952839245,0.680555555555556,0.846033395006665,0.268984375,1.26248585058855,"tail",8,2,"signed"
"q75",72,0.875,0.948006703134577,1,0.642098577943197,0.268984375,1.26248585058855,"tail",8,2,"signed"
"mean",72,0.944444444444444,0.942116150499946,1,0.608842550168232,0.268984375,1.26248585058855,"tail",8,2,"signed"
"median",72,0.430555555555556,1.02025828806729,0.680555555555556,0.876266149152299,0.26984375,1.21590022803415,"tail",8,3,"signed"
"q75",72,0.833333333333333,0.945053997008533,1,0.663489588661263,0.26984375,1.21590022803415,"tail",8,3,"signed"
"mean",72,0.930555555555556,0.946294240939574,1,0.618520358257925,0.26984375,1.21590022803415,"tail",8,3,"signed"
"median",72,0.583333333333333,1.00573152330607,0.75,0.835993305994178,0.27015625,1.29693056377248,"tail",5,1,"signed"
"q75",72,0.847222222222222,0.941531037338646,1,0.643418573700854,0.27015625,1.29693056377248,"tail",5,1,"signed"
"mean",72,0.888888888888889,0.929645572793279,1,0.618122719942533,0.27015625,1.29693056377248,"tail",5,1,"signed"
"median",72,0.694444444444444,0.968490020236755,0.75,0.814648461559864,0.2850390625,1.21314755305729,"tail",5,2,"signed"
"q75",72,0.916666666666667,0.923848489153791,1,0.623476767141553,0.2850390625,1.21314755305729,"tail",5,2,"signed"
"mean",72,0.986111111111111,0.916322175775462,1,0.58814780499243,0.2850390625,1.21314755305729,"tail",5,2,"signed"
"median",72,0.652777777777778,0.982499223424635,0.708333333333333,0.856994638523085,0.2786328125,1.12327794144285,"tail",5,3,"signed"
"q75",72,0.902777777777778,0.928569395693068,1,0.645537644233736,0.2786328125,1.12327794144285,"tail",5,3,"signed"
"mean",72,0.916666666666667,0.927179240859998,1,0.605924802293812,0.2786328125,1.12327794144285,"tail",5,3,"signed"
"median",72,0.625,0.982478138224057,0.763888888888889,0.801516732768609,0.275390625,1.34159081390861,"tail",4,1,"signed"
"q75",72,0.888888888888889,0.91701125131665,1,0.613571868625129,0.275390625,1.34159081390861,"tail",4,1,"signed"
"mean",72,0.944444444444444,0.90276370438483,1,0.579854572063607,0.275390625,1.34159081390861,"tail",4,1,"signed"
"median",72,0.75,0.929872034059069,0.819444444444444,0.755968067756949,0.2842578125,1.29866389065651,"tail",4,2,"signed"
"q75",72,0.930555555555556,0.905133050040431,1,0.603890297690169,0.2842578125,1.29866389065651,"tail",4,2,"signed"
"mean",72,0.986111111111111,0.904730939346818,1,0.570591371782704,0.2842578125,1.29866389065651,"tail",4,2,"signed"
"median",72,0.708333333333333,0.946200077925895,0.75,0.81586900422236,0.290390625,1.25692835319579,"tail",4,3,"signed"
"q75",72,0.930555555555556,0.895481859180595,1,0.62260070215399,0.290390625,1.25692835319579,"tail",4,3,"signed"
"mean",72,0.958333333333333,0.905533452608727,1,0.591018840418762,0.290390625,1.25692835319579,"tail",4,3,"signed"
"median",72,0.444444444444444,1.00516976245853,0.777777777777778,0.755824903408165,0.2773828125,1.51335034766725,"tail",3,1,"signed"
"q75",72,0.5,0.993594311299901,0.902777777777778,0.634968839458962,0.2773828125,1.51335034766725,"tail",3,1,"signed"
"mean",72,0.5,0.998730631673129,0.916666666666667,0.613444799695192,0.2773828125,1.51335034766725,"tail",3,1,"signed"
"median",72,0.694444444444444,0.901093366467468,0.916666666666667,0.6223235792705,0.2794140625,1.48056522504376,"tail",3,2,"signed"
"q75",72,0.875,0.845893507385102,1,0.504067388839021,0.2794140625,1.48056522504376,"tail",3,2,"signed"
"mean",72,0.972222222222222,0.834773460367543,1,0.492534030898478,0.2794140625,1.48056522504376,"tail",3,2,"signed"
"median",72,0.666666666666667,0.902815329180052,0.819444444444444,0.761624989188921,0.295703125,1.31309150431815,"tail",3,3,"signed"
"q75",72,0.847222222222222,0.849791448460121,1,0.583651317027418,0.295703125,1.31309150431815,"tail",3,3,"signed"
"mean",72,0.958333333333333,0.835696199956937,1,0.537595764814117,0.295703125,1.31309150431815,"tail",3,3,"signed"
"median",72,0.444444444444444,1.03373009254377,0.722222222222222,0.858521421494792,0.243203125,1.32726059725536,"hetero",0,1,"signed"
"q75",72,0.861111111111111,0.956236989914125,1,0.64573053962881,0.243203125,1.32726059725536,"hetero",0,1,"signed"
"mean",72,0.944444444444444,0.944536505990982,1,0.621159992067494,0.243203125,1.32726059725536,"hetero",0,1,"signed"
"median",72,0.513888888888889,1.00355488228189,0.694444444444444,0.84174719255197,0.2559375,1.23155233127688,"hetero",0,2,"signed"
"q75",72,0.875,0.947145278956418,1,0.64060080979961,0.2559375,1.23155233127688,"hetero",0,2,"signed"
"mean",72,0.958333333333333,0.946631136707243,1,0.606434035629434,0.2559375,1.23155233127688,"hetero",0,2,"signed"
"median",72,0.472222222222222,1.01675520003426,0.666666666666667,0.88720827427008,0.255859375,1.17207790982141,"hetero",0,3,"signed"
"q75",72,0.847222222222222,0.955263049924711,1,0.668970655126566,0.255859375,1.17207790982141,"hetero",0,3,"signed"
"mean",72,0.888888888888889,0.960582437976861,1,0.629889077108402,0.255859375,1.17207790982141,"hetero",0,3,"signed"
"median",72,0.5,1.0176675088131,0.736111111111111,0.838667429665489,0.261796875,1.35738871250023,"hetero",0.5,1,"signed"
"q75",72,0.902777777777778,0.937188473901565,1,0.63281597479325,0.261796875,1.35738871250023,"hetero",0.5,1,"signed"
"mean",72,0.986111111111111,0.924730965119729,1,0.609388503136774,0.261796875,1.35738871250023,"hetero",0.5,1,"signed"
"median",72,0.5,1.00227897339792,0.736111111111111,0.828186881409459,0.279921875,1.2620435175491,"hetero",0.5,2,"signed"
"q75",72,0.902777777777778,0.940529692992803,1,0.618087268872655,0.279921875,1.2620435175491,"hetero",0.5,2,"signed"
"mean",72,1,0.928038883818466,1,0.600203599693992,0.279921875,1.2620435175491,"hetero",0.5,2,"signed"
"median",72,0.5,1.01107047310728,0.694444444444444,0.865570085490757,0.2753515625,1.19893646555729,"hetero",0.5,3,"signed"
"q75",72,0.833333333333333,0.94649290393058,1,0.6599113147141,0.2753515625,1.19893646555729,"hetero",0.5,3,"signed"
"mean",72,0.875,0.94309610551504,1,0.620897559269284,0.2753515625,1.19893646555729,"hetero",0.5,3,"signed"
"median",72,0.555555555555556,0.996698267205261,0.777777777777778,0.823023776817198,0.271953125,1.37737388132368,"hetero",1,1,"signed"
"q75",72,0.902777777777778,0.920360295041903,1,0.621130044974875,0.271953125,1.37737388132368,"hetero",1,1,"signed"
"mean",72,1,0.912613137200061,1,0.600876535555425,0.271953125,1.37737388132368,"hetero",1,1,"signed"
"median",72,0.569444444444444,0.990031000417296,0.763888888888889,0.817928340987523,0.290390625,1.28238236673824,"hetero",1,2,"signed"
"q75",72,0.902777777777778,0.932522023122361,1,0.594676787596244,0.290390625,1.28238236673824,"hetero",1,2,"signed"
"mean",72,0.986111111111111,0.917721428876244,1,0.574503300994205,0.290390625,1.28238236673824,"hetero",1,2,"signed"
"median",72,0.597222222222222,0.996637698691345,0.736111111111111,0.848013424371157,0.2878515625,1.21696169176896,"hetero",1,3,"signed"
"q75",72,0.875,0.93829786197045,1,0.650599622569542,0.2878515625,1.21696169176896,"hetero",1,3,"signed"
"mean",72,0.902777777777778,0.938131568181017,1,0.614646066422033,0.2878515625,1.21696169176896,"hetero",1,3,"signed"
"median",72,0.597222222222222,0.979212782783751,0.777777777777778,0.809684019444868,0.283203125,1.40006345892566,"hetero",2,1,"signed"
"q75",72,0.916666666666667,0.907132834789521,1,0.61024389501117,0.283203125,1.40006345892566,"hetero",2,1,"signed"
"mean",72,1,0.895236960740206,1,0.591236249300885,0.283203125,1.40006345892566,"hetero",2,1,"signed"
"median",72,0.611111111111111,0.974587045123196,0.777777777777778,0.81014501745672,0.30109375,1.30539299622102,"hetero",2,2,"signed"
"q75",72,0.944444444444444,0.922199168647961,1,0.588801186054138,0.30109375,1.30539299622102,"hetero",2,2,"signed"
"mean",72,1,0.911894849627166,1,0.551873377257495,0.30109375,1.30539299622102,"hetero",2,2,"signed"
"median",72,0.597222222222222,0.991013413102397,0.75,0.838420971762003,0.3007421875,1.23765552454002,"hetero",2,3,"signed"
"q75",72,0.861111111111111,0.928814625549265,1,0.640600994022355,0.3007421875,1.23765552454002,"hetero",2,3,"signed"
"mean",72,0.930555555555556,0.924195883975793,1,0.602678333299248,0.3007421875,1.23765552454002,"hetero",2,3,"signed"
"median",72,0.652777777777778,0.968227007483005,0.777777777777778,0.797656393274946,0.2923046875,1.41989059016206,"hetero",4,1,"signed"
"q75",72,0.916666666666667,0.894269330142944,1,0.600918708256619,0.2923046875,1.41989059016206,"hetero",4,1,"signed"
"mean",72,1,0.883746923612848,1,0.581244379997164,0.2923046875,1.41989059016206,"hetero",4,1,"signed"
"median",72,0.680555555555556,0.956565290202715,0.833333333333333,0.786654940572412,0.310078125,1.32551279755416,"hetero",4,2,"signed"
"q75",72,0.930555555555556,0.913554694295753,1,0.585562231495742,0.310078125,1.32551279755416,"hetero",4,2,"signed"
"mean",72,1,0.90556481247646,1,0.549188489252647,0.310078125,1.32551279755416,"hetero",4,2,"signed"
"median",72,0.652777777777778,0.952165801003467,0.75,0.815309919141044,0.310625,1.25596752140198,"hetero",4,3,"signed"
"q75",72,0.888888888888889,0.913775798276139,1,0.630688928650737,0.310625,1.25596752140198,"hetero",4,3,"signed"
"mean",72,0.972222222222222,0.902014369243395,1,0.591349385629753,0.310625,1.25596752140198,"hetero",4,3,"signed"
"median",72,0.444444444444444,1.03373009254377,0.722222222222222,0.858521421494792,0.243203125,1.32726059725536,"nonlinear",0,1,"signed"
"q75",72,0.861111111111111,0.956236989914125,1,0.64573053962881,0.243203125,1.32726059725536,"nonlinear",0,1,"signed"
"mean",72,0.944444444444444,0.944536505990982,1,0.621159992067494,0.243203125,1.32726059725536,"nonlinear",0,1,"signed"
"median",72,0.513888888888889,1.00355488228189,0.694444444444444,0.84174719255197,0.2559375,1.23155233127688,"nonlinear",0,2,"signed"
"q75",72,0.875,0.947145278956418,1,0.64060080979961,0.2559375,1.23155233127688,"nonlinear",0,2,"signed"
"mean",72,0.958333333333333,0.946631136707243,1,0.606434035629434,0.2559375,1.23155233127688,"nonlinear",0,2,"signed"
"median",72,0.472222222222222,1.01675520003426,0.666666666666667,0.88720827427008,0.255859375,1.17207790982141,"nonlinear",0,3,"signed"
"q75",72,0.847222222222222,0.955263049924711,1,0.668970655126566,0.255859375,1.17207790982141,"nonlinear",0,3,"signed"
"mean",72,0.888888888888889,0.960582437976861,1,0.629889077108402,0.255859375,1.17207790982141,"nonlinear",0,3,"signed"
"median",72,0.402777777777778,1.05389759529325,0.708333333333333,0.868015031360794,0.2478125,1.33901709408516,"nonlinear",0.2,1,"signed"
"q75",72,0.819444444444444,0.962723371555328,1,0.653510885121639,0.2478125,1.33901709408516,"nonlinear",0.2,1,"signed"
"mean",72,0.916666666666667,0.945730362816703,1,0.629521669056693,0.2478125,1.33901709408516,"nonlinear",0.2,1,"signed"
"median",72,0.472222222222222,1.01649864933608,0.680555555555556,0.849104160543568,0.2630078125,1.24226167488803,"nonlinear",0.2,2,"signed"
"q75",72,0.847222222222222,0.952052379894671,1,0.648769945704042,0.2630078125,1.24226167488803,"nonlinear",0.2,2,"signed"
"mean",72,0.972222222222222,0.94745659125271,1,0.614731198400154,0.2630078125,1.24226167488803,"nonlinear",0.2,2,"signed"
"median",72,0.402777777777778,1.03534973711409,0.680555555555556,0.88687719905235,0.2605859375,1.18804500224809,"nonlinear",0.2,3,"signed"
"q75",72,0.777777777777778,0.96699059829098,1,0.679142944185606,0.2605859375,1.18804500224809,"nonlinear",0.2,3,"signed"
"mean",72,0.777777777777778,0.975342809398235,1,0.640760242467389,0.2605859375,1.18804500224809,"nonlinear",0.2,3,"signed"
"median",72,0.236111111111111,1.21711230024289,0.611111111111111,0.99477025002502,0.2299609375,1.40077939818427,"nonlinear",0.4,1,"signed"
"q75",72,0.472222222222222,1.05052580284148,0.944444444444444,0.734954735126189,0.2299609375,1.40077939818427,"nonlinear",0.4,1,"signed"
"mean",72,0.597222222222222,1.01356684316856,1,0.696764726293311,0.2299609375,1.40077939818427,"nonlinear",0.4,1,"signed"
"median",72,0.138888888888889,1.17938172660243,0.666666666666667,0.962646068994765,0.2434375,1.31864071646677,"nonlinear",0.4,2,"signed"
"q75",72,0.5,1.04377277845219,0.958333333333333,0.734679217278399,0.2434375,1.31864071646677,"nonlinear",0.4,2,"signed"
"mean",72,0.555555555555556,1.01756589226985,1,0.681767309027758,0.2434375,1.31864071646677,"nonlinear",0.4,2,"signed"
"median",72,0.263888888888889,1.11875145575311,0.652777777777778,0.946359469890729,0.248671875,1.25481670975241,"nonlinear",0.4,3,"signed"
"q75",72,0.611111111111111,1.00989501624634,0.972222222222222,0.726043708440446,0.248671875,1.25481670975241,"nonlinear",0.4,3,"signed"
"mean",72,0.583333333333333,1.00537446150238,1,0.678997698901166,0.248671875,1.25481670975241,"nonlinear",0.4,3,"signed"
"median",72,0,1.8948189095118,0.291666666666667,1.55297151878967,0.1855078125,1.66450048441299,"nonlinear",0.8,1,"signed"
"q75",72,0.0138888888888889,1.45050032163414,0.597222222222222,1.06680153412428,0.1855078125,1.66450048441299,"nonlinear",0.8,1,"signed"
"mean",72,0.0138888888888889,1.38438756909023,0.625,1.02707243547047,0.1855078125,1.66450048441299,"nonlinear",0.8,1,"signed"
"median",72,0,2.11476550819268,0.25,1.74003562803531,0.190390625,1.63728506830601,"nonlinear",0.8,2,"signed"
"q75",72,0,1.64528939241423,0.5,1.16569112543383,0.190390625,1.63728506830601,"nonlinear",0.8,2,"signed"
"mean",72,0,1.55023409003493,0.5,1.12353922996779,0.190390625,1.63728506830601,"nonlinear",0.8,2,"signed"
"median",72,0,1.67591582650518,0.333333333333333,1.42891594959659,0.2031640625,1.52940957973399,"nonlinear",0.8,3,"signed"
"q75",72,0.0694444444444444,1.35861983874512,0.597222222222222,1.03274039412208,0.2031640625,1.52940957973399,"nonlinear",0.8,3,"signed"
"mean",72,0.0694444444444444,1.3071942713157,0.652777777777778,0.955708984385603,0.2031640625,1.52940957973399,"nonlinear",0.8,3,"signed"
"median",72,0.5,1.01744173835379,0.694444444444444,0.857316099178969,0.2443359375,1.24124714496584,"tail",Inf,4,"signed"
"q75",72,0.847222222222222,0.949820096761948,1,0.653236231334525,0.2443359375,1.24124714496584,"tail",Inf,4,"signed"
"mean",72,0.916666666666667,0.94749759992255,1,0.632052044540593,0.2443359375,1.24124714496584,"tail",Inf,4,"signed"
"median",72,0.458333333333333,1.03067029185752,0.694444444444444,0.867199795776654,0.2381640625,1.25043119129746,"tail",Inf,5,"signed"
"q75",72,0.861111111111111,0.960997851903448,1,0.660301686835569,0.2381640625,1.25043119129746,"tail",Inf,5,"signed"
"mean",72,0.902777777777778,0.950657277307661,1,0.631586720114037,0.2381640625,1.25043119129746,"tail",Inf,5,"signed"
"median",72,0.458333333333333,1.02578689078999,0.694444444444444,0.854892593708805,0.2358203125,1.26077169195653,"tail",Inf,6,"signed"
"q75",72,0.833333333333333,0.959906776749146,1,0.652797571726162,0.2358203125,1.26077169195653,"tail",Inf,6,"signed"
"mean",72,0.875,0.961418404045033,1,0.641867787886437,0.2358203125,1.26077169195653,"tail",Inf,6,"signed"
"median",72,0.472222222222222,1.01302462791496,0.680555555555556,0.866361404291201,0.2465625,1.27332250780229,"tail",Inf,7,"signed"
"q75",72,0.861111111111111,0.954995827027966,1,0.649993578183932,0.2465625,1.27332250780229,"tail",Inf,7,"signed"
"mean",72,1,0.948284500448873,1,0.608731267355464,0.2465625,1.27332250780229,"tail",Inf,7,"signed"
"median",72,0.430555555555556,1.03492017744585,0.666666666666667,0.876773366111725,0.2495703125,1.24517284862939,"tail",Inf,8,"signed"
"q75",72,0.819444444444444,0.952400389784764,1,0.664787680404064,0.2495703125,1.24517284862939,"tail",Inf,8,"signed"
"mean",72,0.944444444444444,0.943731220104964,1,0.629857458640149,0.2495703125,1.24517284862939,"tail",Inf,8,"signed"
"median",72,0.430555555555556,1.0303221706799,0.680555555555556,0.867033908891476,0.256328125,1.18618447603625,"tail",8,4,"signed"
"q75",72,0.847222222222222,0.946901463314181,1,0.64897482595466,0.256328125,1.18618447603625,"tail",8,4,"signed"
"mean",72,0.861111111111111,0.943045805980677,1,0.63343678594229,0.256328125,1.18618447603625,"tail",8,4,"signed"
"median",72,0.472222222222222,1.04213707045525,0.708333333333333,0.876432612704468,0.25484375,1.30427183728712,"tail",8,5,"signed"
"q75",72,0.847222222222222,0.957466772435693,1,0.665335244317951,0.25484375,1.30427183728712,"tail",8,5,"signed"
"mean",72,0.972222222222222,0.941479757295059,1,0.629108587813878,0.25484375,1.30427183728712,"tail",8,5,"signed"
"median",72,0.555555555555556,0.998391962188248,0.736111111111111,0.844186755583562,0.249609375,1.26733005204652,"tail",8,6,"signed"
"q75",72,0.902777777777778,0.933098768499694,1,0.632655043319144,0.249609375,1.26733005204652,"tail",8,6,"signed"
"mean",72,0.958333333333333,0.926781471684689,1,0.611749996560794,0.249609375,1.26733005204652,"tail",8,6,"signed"
"median",72,0.458333333333333,1.02328537428809,0.680555555555556,0.876509097639893,0.2607421875,1.36755729874347,"tail",8,7,"signed"
"q75",72,0.805555555555556,0.962935203893033,1,0.646150777055396,0.2607421875,1.36755729874347,"tail",8,7,"signed"
"mean",72,0.875,0.961970486184404,1,0.614457537836562,0.2607421875,1.36755729874347,"tail",8,7,"signed"
"median",72,0.513888888888889,1.00354428468781,0.680555555555556,0.867605842958984,0.260390625,1.10924478082727,"tail",8,8,"signed"
"q75",72,0.888888888888889,0.931846193931595,1,0.654179929084619,0.260390625,1.10924478082727,"tail",8,8,"signed"
"mean",72,0.902777777777778,0.930828020700019,1,0.632848137023319,0.260390625,1.10924478082727,"tail",8,8,"signed"
"median",72,0.527777777777778,1.01706529283292,0.736111111111111,0.83635951932648,0.267734375,1.3613982009176,"tail",6,1,"signed"
"q75",72,0.875,0.934461258695801,1,0.632509501205002,0.267734375,1.3613982009176,"tail",6,1,"signed"
"mean",72,1,0.924329987814421,1,0.610393916169503,0.267734375,1.3613982009176,"tail",6,1,"signed"
"median",72,0.555555555555556,0.99751253632444,0.75,0.815520555997839,0.2780859375,1.28387594223994,"tail",6,2,"signed"
"q75",72,0.875,0.933127643094961,1,0.625037328343885,0.2780859375,1.28387594223994,"tail",6,2,"signed"
"mean",72,0.986111111111111,0.92420696023412,1,0.585744279587765,0.2780859375,1.28387594223994,"tail",6,2,"signed"
"median",72,0.583333333333333,0.980168134052499,0.708333333333333,0.860690268637557,0.2733203125,1.18903296319163,"tail",6,3,"signed"
"q75",72,0.888888888888889,0.922941839816802,1,0.64321942326394,0.2733203125,1.18903296319163,"tail",6,3,"signed"
"mean",72,1,0.915498426765134,1,0.605283484749575,0.2733203125,1.18903296319163,"tail",6,3,"signed"
"median",72,0.583333333333333,0.996922750138139,0.722222222222222,0.844528672812678,0.26234375,1.28745920398379,"tail",6,4,"signed"
"q75",72,0.888888888888889,0.92454867078137,1,0.633440034962802,0.26234375,1.28745920398379,"tail",6,4,"signed"
"mean",72,0.972222222222222,0.916663761062737,1,0.615093278232612,0.26234375,1.28745920398379,"tail",6,4,"signed"
"median",72,0.597222222222222,1.00266062323672,0.736111111111111,0.844949453400696,0.265859375,1.29786273301928,"tail",6,5,"signed"
"q75",72,0.888888888888889,0.936717661548613,1,0.647461528517087,0.265859375,1.29786273301928,"tail",6,5,"signed"
"mean",72,0.972222222222222,0.934026351989612,1,0.620111297466056,0.265859375,1.29786273301928,"tail",6,5,"signed"
"median",72,0.527777777777778,1.00372053092489,0.722222222222222,0.844481754102031,0.26359375,1.25307732342849,"tail",6,6,"signed"
"q75",72,0.902777777777778,0.946368922547606,1,0.639383561565079,0.26359375,1.25307732342849,"tail",6,6,"signed"
"mean",72,0.944444444444444,0.934370116787803,1,0.598831927545134,0.26359375,1.25307732342849,"tail",6,6,"signed"
"median",72,0.625,0.978701626377664,0.75,0.826830643033093,0.26609375,1.21876300352043,"tail",6,7,"signed"
"q75",72,0.888888888888889,0.929733572450788,1,0.629474789702918,0.26609375,1.21876300352043,"tail",6,7,"signed"
"mean",72,0.972222222222222,0.927473028260907,1,0.598628233778556,0.26609375,1.21876300352043,"tail",6,7,"signed"
"median",72,0.541666666666667,1.00400171429987,0.736111111111111,0.844078422499563,0.259609375,1.21111011874736,"tail",6,8,"signed"
"q75",72,0.875,0.928842127900132,1,0.642803939580508,0.259609375,1.21111011874736,"tail",6,8,"signed"
"mean",72,0.944444444444444,0.924231430575232,1,0.613215876223355,0.259609375,1.21111011874736,"tail",6,8,"signed"
"median",72,0.583333333333333,0.997143402111846,0.736111111111111,0.83831982611243,0.2590625,1.22279846993702,"tail",5,4,"signed"
"q75",72,0.875,0.920744504898857,1,0.629754904495554,0.2590625,1.22279846993702,"tail",5,4,"signed"
"mean",72,0.902777777777778,0.924094563563625,1,0.618590497229702,0.2590625,1.22279846993702,"tail",5,4,"signed"
"median",72,0.444444444444444,1.04829423825027,0.722222222222222,0.868728746415953,0.2713671875,1.30518791041145,"tail",5,5,"signed"
"q75",72,0.736111111111111,0.961190996498815,1,0.661632342031702,0.2713671875,1.30518791041145,"tail",5,5,"signed"
"mean",72,0.791666666666667,0.952060064162279,1,0.628021854257285,0.2713671875,1.30518791041145,"tail",5,5,"signed"
"median",72,0.486111111111111,1.0117604146596,0.722222222222222,0.836524747264817,0.2663671875,1.30717223486898,"tail",5,6,"signed"
"q75",72,0.861111111111111,0.947073819212711,1,0.636125659714784,0.2663671875,1.30717223486898,"tail",5,6,"signed"
"mean",72,0.847222222222222,0.938352792868312,1,0.617950534794208,0.2663671875,1.30717223486898,"tail",5,6,"signed"
"median",72,0.666666666666667,0.965369461941415,0.763888888888889,0.817722778185262,0.2638671875,1.27948614087715,"tail",5,7,"signed"
"q75",72,0.944444444444444,0.922431496609621,1,0.613901424985963,0.2638671875,1.27948614087715,"tail",5,7,"signed"
"mean",72,1,0.914863189271905,1,0.575579868813805,0.2638671875,1.27948614087715,"tail",5,7,"signed"
"median",72,0.597222222222222,0.986892363601607,0.75,0.831754915533905,0.2749609375,1.23840371359307,"tail",5,8,"signed"
"q75",72,0.902777777777778,0.926618460141112,1,0.642887307008942,0.2749609375,1.23840371359307,"tail",5,8,"signed"
"mean",72,0.958333333333333,0.920883879343102,1,0.613143920145451,0.2749609375,1.23840371359307,"tail",5,8,"signed"
"median",72,0.680555555555556,0.959199543382816,0.736111111111111,0.804754834235371,0.27546875,1.25991358170345,"tail",4,4,"signed"
"q75",72,0.902777777777778,0.901180069311747,1,0.614827670478518,0.27546875,1.25991358170345,"tail",4,4,"signed"
"mean",72,0.930555555555556,0.908940970649854,1,0.600550050362126,0.27546875,1.25991358170345,"tail",4,4,"signed"
"median",72,0.597222222222222,0.994033049110535,0.777777777777778,0.812810440180923,0.2716015625,1.40217276826677,"tail",4,5,"signed"
"q75",72,0.847222222222222,0.938363610252893,1,0.631771842743486,0.2716015625,1.40217276826677,"tail",4,5,"signed"
"mean",72,0.930555555555556,0.927477114118418,1,0.605839148834762,0.2716015625,1.40217276826677,"tail",4,5,"signed"
"median",72,0.583333333333333,0.985557711076468,0.75,0.808569365529888,0.2573046875,1.37814235070795,"tail",4,6,"signed"
"q75",72,0.888888888888889,0.922057575688856,1,0.609794793782354,0.2573046875,1.37814235070795,"tail",4,6,"signed"
"mean",72,0.916666666666667,0.908795503991731,1,0.575443664566619,0.2573046875,1.37814235070795,"tail",4,6,"signed"
"median",72,0.722222222222222,0.937014108080209,0.791666666666667,0.782090665413165,0.27375,1.28955762795867,"tail",4,7,"signed"
"q75",72,0.944444444444444,0.900478737577377,1,0.599757331984103,0.27375,1.28955762795867,"tail",4,7,"signed"
"mean",72,1,0.898549015603425,1,0.562427440839142,0.27375,1.28955762795867,"tail",4,7,"signed"
"median",72,0.583333333333333,0.984550756867975,0.75,0.825744922894818,0.2741015625,1.25361522174721,"tail",4,8,"signed"
"q75",72,0.888888888888889,0.908445126553568,1,0.627786689734703,0.2741015625,1.25361522174721,"tail",4,8,"signed"
"mean",72,0.958333333333333,0.903043886183494,1,0.598107200761056,0.2741015625,1.25361522174721,"tail",4,8,"signed"
"median",72,0.708333333333333,0.876111661105942,0.833333333333333,0.727755829840333,0.280859375,1.39332288058624,"tail",3,4,"signed"
"q75",72,0.930555555555556,0.843344021536901,1,0.563201976968679,0.280859375,1.39332288058624,"tail",3,4,"signed"
"mean",72,0.972222222222222,0.838315471791408,1,0.545641226210272,0.280859375,1.39332288058624,"tail",3,4,"signed"
"median",72,0.333333333333333,1.07966858981992,0.694444444444444,0.85925025139403,0.267578125,1.46084594765622,"tail",3,5,"signed"
"q75",72,0.472222222222222,1.01316857049065,0.930555555555556,0.6861181968165,0.267578125,1.46084594765622,"tail",3,5,"signed"
"mean",72,0.569444444444444,0.966629382521481,1,0.624656220374185,0.267578125,1.46084594765622,"tail",3,5,"signed"
"median",72,0.0277777777777778,1.51469816293302,0.444444444444444,1.17684263246476,0.26796875,1.51372672057867,"tail",3,6,"signed"
"q75",72,0.0972222222222222,1.39133742326364,0.736111111111111,0.914031206952884,0.26796875,1.51372672057867,"tail",3,6,"signed"
"mean",72,0.152777777777778,1.35998911251679,0.763888888888889,0.849391938091489,0.26796875,1.51372672057867,"tail",3,6,"signed"
"median",72,0.638888888888889,0.913062363508874,0.819444444444444,0.736036801316165,0.2696875,1.40881588572996,"tail",3,7,"signed"
"q75",72,0.847222222222222,0.877252763638128,1,0.566879566476018,0.2696875,1.40881588572996,"tail",3,7,"signed"
"mean",72,0.875,0.867870366629515,1,0.528441179589232,0.2696875,1.40881588572996,"tail",3,7,"signed"
"median",72,0.75,0.906723784397074,0.888888888888889,0.713682373543767,0.27421875,1.37856507242098,"tail",3,8,"signed"
"q75",72,0.833333333333333,0.889335788819411,1,0.581704232387371,0.27421875,1.37856507242098,"tail",3,8,"signed"
"mean",72,0.930555555555556,0.858947132263025,1,0.552141142006681,0.27421875,1.37856507242098,"tail",3,8,"signed"
"median",72,0.5,1.01744173835379,0.694444444444444,0.857316099178969,0.2443359375,1.24124714496584,"hetero",0,4,"signed"
"q75",72,0.847222222222222,0.949820096761948,1,0.653236231334525,0.2443359375,1.24124714496584,"hetero",0,4,"signed"
"mean",72,0.916666666666667,0.94749759992255,1,0.632052044540593,0.2443359375,1.24124714496584,"hetero",0,4,"signed"
"median",72,0.458333333333333,1.03067029185752,0.694444444444444,0.867199795776654,0.2381640625,1.25043119129746,"hetero",0,5,"signed"
"q75",72,0.861111111111111,0.960997851903448,1,0.660301686835569,0.2381640625,1.25043119129746,"hetero",0,5,"signed"
"mean",72,0.902777777777778,0.950657277307661,1,0.631586720114037,0.2381640625,1.25043119129746,"hetero",0,5,"signed"
"median",72,0.458333333333333,1.02578689078999,0.694444444444444,0.854892593708805,0.2358203125,1.26077169195653,"hetero",0,6,"signed"
"q75",72,0.833333333333333,0.959906776749146,1,0.652797571726162,0.2358203125,1.26077169195653,"hetero",0,6,"signed"
"mean",72,0.875,0.961418404045033,1,0.641867787886437,0.2358203125,1.26077169195653,"hetero",0,6,"signed"
"median",72,0.472222222222222,1.01302462791496,0.680555555555556,0.866361404291201,0.2465625,1.27332250780229,"hetero",0,7,"signed"
"q75",72,0.861111111111111,0.954995827027966,1,0.649993578183932,0.2465625,1.27332250780229,"hetero",0,7,"signed"
"mean",72,1,0.948284500448873,1,0.608731267355464,0.2465625,1.27332250780229,"hetero",0,7,"signed"
"median",72,0.430555555555556,1.03492017744585,0.666666666666667,0.876773366111725,0.2495703125,1.24517284862939,"hetero",0,8,"signed"
"q75",72,0.819444444444444,0.952400389784764,1,0.664787680404064,0.2495703125,1.24517284862939,"hetero",0,8,"signed"
"mean",72,0.944444444444444,0.943731220104964,1,0.629857458640149,0.2495703125,1.24517284862939,"hetero",0,8,"signed"
"median",72,0.5,1.01546367338907,0.736111111111111,0.854711748731454,0.2602734375,1.27432111630153,"hetero",0.5,4,"signed"
"q75",72,0.875,0.939882957842024,1,0.647073241478997,0.2602734375,1.27432111630153,"hetero",0.5,4,"signed"
"mean",72,0.888888888888889,0.932197089796841,1,0.624304323123959,0.2602734375,1.27432111630153,"hetero",0.5,4,"signed"
"median",72,0.486111111111111,1.02821214931757,0.722222222222222,0.854471654621691,0.2598828125,1.28190290928304,"hetero",0.5,5,"signed"
"q75",72,0.805555555555556,0.955156691172479,1,0.652615399107176,0.2598828125,1.28190290928304,"hetero",0.5,5,"signed"
"mean",72,0.944444444444444,0.939852125273763,1,0.626681702639456,0.2598828125,1.28190290928304,"hetero",0.5,5,"signed"
"median",72,0.416666666666667,1.03708306053506,0.708333333333333,0.862217179800894,0.252421875,1.29438992708157,"hetero",0.5,6,"signed"
"q75",72,0.777777777777778,0.958817298792798,1,0.651376841699646,0.252421875,1.29438992708157,"hetero",0.5,6,"signed"
"mean",72,0.791666666666667,0.96025738489785,1,0.638258997537606,0.252421875,1.29438992708157,"hetero",0.5,6,"signed"
"median",72,0.458333333333333,1.02427967804679,0.666666666666667,0.865553995408451,0.268359375,1.31094021196582,"hetero",0.5,7,"signed"
"q75",72,0.847222222222222,0.952711844709574,1,0.646914898736939,0.268359375,1.31094021196582,"hetero",0.5,7,"signed"
"mean",72,0.958333333333333,0.936884724991083,1,0.60625514306519,0.268359375,1.31094021196582,"hetero",0.5,7,"signed"
"median",72,0.486111111111111,1.02605581792243,0.736111111111111,0.862418783523389,0.269921875,1.28020390907969,"hetero",0.5,8,"signed"
"q75",72,0.875,0.942991770345722,1,0.652430566977148,0.269921875,1.28020390907969,"hetero",0.5,8,"signed"
"mean",72,0.972222222222222,0.928661360780204,1,0.615759374055531,0.269921875,1.28020390907969,"hetero",0.5,8,"signed"
"median",72,0.513888888888889,1.01370894634923,0.736111111111111,0.852687188731698,0.2684765625,1.29512901601892,"hetero",1,4,"signed"
"q75",72,0.875,0.933950107562763,1,0.642713762026736,0.2684765625,1.29512901601892,"hetero",1,4,"signed"
"mean",72,0.902777777777778,0.925285598225496,1,0.619194144430909,0.2684765625,1.29512901601892,"hetero",1,4,"signed"
"median",72,0.513888888888889,1.01654545431093,0.736111111111111,0.848046184808487,0.269765625,1.30265681345184,"hetero",1,5,"signed"
"q75",72,0.847222222222222,0.946401295328245,1,0.646346398638162,0.269765625,1.30265681345184,"hetero",1,5,"signed"
"mean",72,0.986111111111111,0.927021569708007,1,0.621803503767541,0.269765625,1.30265681345184,"hetero",1,5,"signed"
"median",72,0.402777777777778,1.04525806873281,0.722222222222222,0.869303831378754,0.2606640625,1.31588359495748,"hetero",1,6,"signed"
"q75",72,0.75,0.96260472018395,1,0.65248703136077,0.2606640625,1.31588359495748,"hetero",1,6,"signed"
"mean",72,0.777777777777778,0.95916618866803,1,0.637571306399242,0.2606640625,1.31588359495748,"hetero",1,6,"signed"
"median",72,0.472222222222222,1.01037856157442,0.722222222222222,0.854748241531077,0.278828125,1.33390411902721,"hetero",1,7,"signed"
"q75",72,0.875,0.940770594073177,1,0.639408762633521,0.278828125,1.33390411902721,"hetero",1,7,"signed"
"mean",72,0.958333333333333,0.924257657275997,1,0.598797330457964,0.278828125,1.33390411902721,"hetero",1,7,"signed"
"median",72,0.569444444444444,1.01014190019586,0.75,0.849543613560515,0.2791015625,1.30200470240636,"hetero",1,8,"signed"
"q75",72,0.875,0.929713427685738,1,0.642388830765552,0.2791015625,1.30200470240636,"hetero",1,8,"signed"
"mean",72,0.986111111111111,0.915341327668256,1,0.604983760428395,0.2791015625,1.30200470240636,"hetero",1,8,"signed"
"median",72,0.625,0.984413026521212,0.777777777777778,0.812742169841718,0.2789453125,1.39069220189982,"hetero",1.5,1,"signed"
"q75",72,0.916666666666667,0.909638317698987,1,0.613001664281461,0.2789453125,1.39069220189982,"hetero",1.5,1,"signed"
"mean",72,1,0.898372875239028,1,0.594730431908714,0.2789453125,1.39069220189982,"hetero",1.5,1,"signed"
"median",72,0.583333333333333,0.983375963464823,0.763888888888889,0.815879188243848,0.2972265625,1.29588577996724,"hetero",1.5,2,"signed"
"q75",72,0.930555555555556,0.924759084290637,1,0.590634811686542,0.2972265625,1.29588577996724,"hetero",1.5,2,"signed"
"mean",72,1,0.913640955449493,1,0.553926872746289,0.2972265625,1.29588577996724,"hetero",1.5,2,"signed"
"median",72,0.541666666666667,0.999055668697503,0.736111111111111,0.847726731265109,0.295390625,1.22907410905997,"hetero",1.5,3,"signed"
"q75",72,0.861111111111111,0.932009359357611,1,0.644748495818259,0.295390625,1.22907410905997,"hetero",1.5,3,"signed"
"mean",72,0.930555555555556,0.927956575233103,1,0.607155390760703,0.295390625,1.22907410905997,"hetero",1.5,3,"signed"
"median",72,0.569444444444444,1.00298976966122,0.736111111111111,0.842069547169596,0.273984375,1.30881435860883,"hetero",1.5,4,"signed"
"q75",72,0.888888888888889,0.926048267332478,1,0.639043365757229,0.273984375,1.30881435860883,"hetero",1.5,4,"signed"
"mean",72,0.944444444444444,0.916269729170619,1,0.613852274001729,0.273984375,1.30881435860883,"hetero",1.5,4,"signed"
"median",72,0.541666666666667,1.00342430042999,0.75,0.836653850759536,0.27640625,1.3164986491191,"hetero",1.5,5,"signed"
"q75",72,0.888888888888889,0.936204203066165,1,0.638757374838761,0.27640625,1.3164986491191,"hetero",1.5,5,"signed"
"mean",72,0.986111111111111,0.918782480793114,1,0.615621879665602,0.27640625,1.3164986491191,"hetero",1.5,5,"signed"
"median",72,0.444444444444444,1.04417548372402,0.708333333333333,0.873085250065936,0.2675390625,1.33013195913232,"hetero",1.5,6,"signed"
"q75",72,0.75,0.960130160794039,1,0.652532556949033,0.2675390625,1.33013195913232,"hetero",1.5,6,"signed"
"mean",72,0.805555555555556,0.954293589223665,1,0.635238968784544,0.2675390625,1.33013195913232,"hetero",1.5,6,"signed"
"median",72,0.5,1.00406359169111,0.722222222222222,0.847254171331076,0.284609375,1.34888602484916,"hetero",1.5,7,"signed"
"q75",72,0.888888888888889,0.933427297319621,1,0.634436890260296,0.284609375,1.34888602484916,"hetero",1.5,7,"signed"
"mean",72,0.944444444444444,0.914311433181207,1,0.593872145826553,0.284609375,1.34888602484916,"hetero",1.5,7,"signed"
"median",72,0.555555555555556,1.00864136492962,0.722222222222222,0.844654854586351,0.286328125,1.31631615822376,"hetero",1.5,8,"signed"
"q75",72,0.861111111111111,0.925014362568036,1,0.638452932139511,0.286328125,1.31631615822376,"hetero",1.5,8,"signed"
"mean",72,0.986111111111111,0.910199765007598,1,0.600705334291879,0.286328125,1.31631615822376,"hetero",1.5,8,"signed"
"median",72,0.569444444444444,0.997894919342068,0.736111111111111,0.83721802191681,0.279375,1.31841082309036,"hetero",2,4,"signed"
"q75",72,0.902777777777778,0.923095732269517,1,0.636128958392156,0.279375,1.31841082309036,"hetero",2,4,"signed"
"mean",72,0.930555555555556,0.9111226216064,1,0.609606903515473,0.279375,1.31841082309036,"hetero",2,4,"signed"
"median",72,0.569444444444444,0.998124559925208,0.805555555555556,0.83092110685692,0.280703125,1.32623977669142,"hetero",2,5,"signed"
"q75",72,0.888888888888889,0.928477786024931,1,0.634775246155772,0.280703125,1.32623977669142,"hetero",2,5,"signed"
"mean",72,0.972222222222222,0.908704072131221,1,0.611916741154392,0.280703125,1.32623977669142,"hetero",2,5,"signed"
"median",72,0.444444444444444,1.03729286048635,0.722222222222222,0.864584603608737,0.2721875,1.34015157685034,"hetero",2,6,"signed"
"q75",72,0.805555555555556,0.953200426324494,1,0.647181921168085,0.2721875,1.34015157685034,"hetero",2,6,"signed"
"mean",72,0.847222222222222,0.948377453008312,1,0.630636472198841,0.2721875,1.34015157685034,"hetero",2,6,"signed"
"median",72,0.555555555555556,0.996130499201875,0.722222222222222,0.842576173960109,0.2890234375,1.35934749784584,"hetero",2,7,"signed"
"q75",72,0.888888888888889,0.930742116484487,1,0.631409150909779,0.2890234375,1.35934749784584,"hetero",2,7,"signed"
"mean",72,0.958333333333333,0.91117503982015,1,0.58927091502411,0.2890234375,1.35934749784584,"hetero",2,7,"signed"
"median",72,0.555555555555556,1.00231510700728,0.75,0.839071487186207,0.290625,1.32633802914448,"hetero",2,8,"signed"
"q75",72,0.861111111111111,0.920746372355518,1,0.63418115410246,0.290625,1.32633802914448,"hetero",2,8,"signed"
"mean",72,0.986111111111111,0.903080123441258,1,0.596329477380105,0.290625,1.32633802914448,"hetero",2,8,"signed"
"median",72,0.611111111111111,0.986080492830451,0.75,0.8260736962638,0.2896484375,1.33868289099407,"hetero",4,4,"signed"
"q75",72,0.888888888888889,0.909304164816553,1,0.628952692683087,0.2896484375,1.33868289099407,"hetero",4,4,"signed"
"mean",72,0.930555555555556,0.899291469117379,1,0.602448287308582,0.2896484375,1.33868289099407,"hetero",4,4,"signed"
"median",72,0.597222222222222,0.995203005969358,0.791666666666667,0.827996579048562,0.2878125,1.34683087073743,"hetero",4,5,"signed"
"q75",72,0.861111111111111,0.922221605981175,1,0.629947219080335,0.2878125,1.34683087073743,"hetero",4,5,"signed"
"mean",72,0.944444444444444,0.900699519119648,1,0.604981802209346,0.2878125,1.34683087073743,"hetero",4,5,"signed"
"median",72,0.527777777777778,1.02545615131917,0.722222222222222,0.854825778761822,0.281015625,1.36131543022598,"hetero",4,6,"signed"
"q75",72,0.819444444444444,0.944418280703313,1,0.641993876378673,0.281015625,1.36131543022598,"hetero",4,6,"signed"
"mean",72,0.805555555555556,0.936522299407391,1,0.624504706439365,0.281015625,1.36131543022598,"hetero",4,6,"signed"
"median",72,0.611111111111111,0.97899868384803,0.736111111111111,0.83449851361038,0.2973828125,1.38129463443478,"hetero",4,7,"signed"
"q75",72,0.888888888888889,0.919136444035934,1,0.622717995696973,0.2973828125,1.38129463443478,"hetero",4,7,"signed"
"mean",72,0.972222222222222,0.903732678655729,1,0.58360731003126,0.2973828125,1.38129463443478,"hetero",4,7,"signed"
"median",72,0.597222222222222,0.984835188106909,0.777777777777778,0.819648848703458,0.3007421875,1.34749213058682,"hetero",4,8,"signed"
"q75",72,0.861111111111111,0.916755112842185,1,0.628667105556641,0.3007421875,1.34749213058682,"hetero",4,8,"signed"
"mean",72,0.986111111111111,0.894531952410166,1,0.587409231259107,0.3007421875,1.34749213058682,"hetero",4,8,"signed"
"median",72,0.5,1.01744173835379,0.694444444444444,0.857316099178969,0.2443359375,1.24124714496584,"nonlinear",0,4,"signed"
"q75",72,0.847222222222222,0.949820096761948,1,0.653236231334525,0.2443359375,1.24124714496584,"nonlinear",0,4,"signed"
"mean",72,0.916666666666667,0.94749759992255,1,0.632052044540593,0.2443359375,1.24124714496584,"nonlinear",0,4,"signed"
"median",72,0.305555555555556,1.14540392404696,0.625,0.962699397859001,0.22875,1.2955146498837,"nonlinear",0.4,4,"signed"
"q75",72,0.680555555555556,1.00771412369657,0.930555555555556,0.719051737873588,0.22875,1.2955146498837,"nonlinear",0.4,4,"signed"
"mean",72,0.722222222222222,0.995728661355865,1,0.686481719536825,0.22875,1.2955146498837,"nonlinear",0.4,4,"signed"
"median",72,0.0138888888888889,1.59781852607404,0.361111111111111,1.32931889673708,0.18734375,1.53591487933933,"nonlinear",0.8,4,"signed"
"q75",72,0.0555555555555556,1.31425980969094,0.680555555555556,0.988964856321837,0.18734375,1.53591487933933,"nonlinear",0.8,4,"signed"
"mean",72,0.0277777777777778,1.29389485245512,0.680555555555556,0.959505678959187,0.18734375,1.53591487933933,"nonlinear",0.8,4,"signed"
