"score_unit_mode","target_policy","benchmark","shift_type","n_cells","cell_wins","cell_win_rate","mean_relative"
"mean","debt_utility_tuned","calendar10","abrupt_coef",24,24,1,0.51014996814109
"mean","debt_utility_tuned","calendar10","gradual",24,22,0.916666666666667,0.775028068974346
"mean","debt_utility_tuned","calendar10","variance",24,24,1,0.635916385931462
"mean","debt_utility_tuned","calendar_tuned","abrupt_coef",24,24,1,0.627788180126695
"mean","debt_utility_tuned","calendar_tuned","gradual",24,21,0.875,0.911017369443283
"mean","debt_utility_tuned","calendar_tuned","variance",24,24,1,0.756683039717211
"mean","debt_utility_tuned","cusum_tuned","abrupt_coef",24,0,0,1.1052816256331
"mean","debt_utility_tuned","cusum_tuned","gradual",24,0,0,1.28252647566684
"mean","debt_utility_tuned","cusum_tuned","variance",24,1,0.0416666666666667,1.07397247623167
"mean","debt_utility_tuned","alarm_tuned","abrupt_coef",24,24,1,0.513747703957946
"mean","debt_utility_tuned","alarm_tuned","gradual",24,16,0.666666666666667,0.83139152650405
"mean","debt_utility_tuned","alarm_tuned","variance",24,24,1,0.66282729025304
"mean","debt_utility_tuned","debt_threshold_tuned","abrupt_coef",24,0,0,1.1385675788453
"mean","debt_utility_tuned","debt_threshold_tuned","gradual",24,0,0,1.30898148023857
"mean","debt_utility_tuned","debt_threshold_tuned","variance",24,0,0,1.1385228701295
"mean","debt_utility_tuned","always_retrain","abrupt_coef",24,24,1,0.338554649504511
"mean","debt_utility_tuned","always_retrain","gradual",24,24,1,0.326825708383159
"mean","debt_utility_tuned","always_retrain","variance",24,24,1,0.281016985400427
"mean","debt_utility_tuned","never_retrain","abrupt_coef",24,24,1,0.0293688044808411
"mean","debt_utility_tuned","never_retrain","gradual",24,24,1,0.0819874905153829
"mean","debt_utility_tuned","never_retrain","variance",24,24,1,0.0455086987371167
"mean","hybrid_utility_tuned","calendar10","abrupt_coef",24,24,1,0.500546497194782
"mean","hybrid_utility_tuned","calendar10","gradual",24,23,0.958333333333333,0.760238183083154
"mean","hybrid_utility_tuned","calendar10","variance",24,24,1,0.661510240185803
"mean","hybrid_utility_tuned","calendar_tuned","abrupt_coef",24,24,1,0.618711934996103
"mean","hybrid_utility_tuned","calendar_tuned","gradual",24,23,0.958333333333333,0.90076013860634
"mean","hybrid_utility_tuned","calendar_tuned","variance",24,24,1,0.789113109348184
"mean","hybrid_utility_tuned","cusum_tuned","abrupt_coef",24,0,0,1.08864090954635
"mean","hybrid_utility_tuned","cusum_tuned","gradual",24,0,0,1.26591177200271
"mean","hybrid_utility_tuned","cusum_tuned","variance",24,3,0.125,1.11998206974338
"mean","hybrid_utility_tuned","alarm_tuned","abrupt_coef",24,24,1,0.504178558531094
"mean","hybrid_utility_tuned","alarm_tuned","gradual",24,18,0.75,0.814412805388673
"mean","hybrid_utility_tuned","alarm_tuned","variance",24,24,1,0.687596810044201
"mean","hybrid_utility_tuned","debt_threshold_tuned","abrupt_coef",24,0,0,1.12061322609538
"mean","hybrid_utility_tuned","debt_threshold_tuned","gradual",24,0,0,1.29120827078542
"mean","hybrid_utility_tuned","debt_threshold_tuned","variance",24,0,0,1.18778679251719
"mean","hybrid_utility_tuned","always_retrain","abrupt_coef",24,24,1,0.337357886006456
"mean","hybrid_utility_tuned","always_retrain","gradual",24,24,1,0.32988738103414
"mean","hybrid_utility_tuned","always_retrain","variance",24,24,1,0.295786256207657
"mean","hybrid_utility_tuned","never_retrain","abrupt_coef",24,24,1,0.0288635670589312
"mean","hybrid_utility_tuned","never_retrain","gradual",24,24,1,0.0800437350042691
"mean","hybrid_utility_tuned","never_retrain","variance",24,24,1,0.0467627764443801
"median","debt_utility_tuned","calendar10","abrupt_coef",24,24,1,0.301329080054146
"median","debt_utility_tuned","calendar10","gradual",24,24,1,0.42742822577435
"median","debt_utility_tuned","calendar10","variance",24,24,1,0.383088907901319
"median","debt_utility_tuned","calendar_tuned","abrupt_coef",24,20,0.833333333333333,0.811611858344776
"median","debt_utility_tuned","calendar_tuned","gradual",24,19,0.791666666666667,0.922248260268687
"median","debt_utility_tuned","calendar_tuned","variance",24,20,0.833333333333333,0.842104605904936
"median","debt_utility_tuned","cusum_tuned","abrupt_coef",24,8,0.333333333333333,1.03686871380321
"median","debt_utility_tuned","cusum_tuned","gradual",24,8,0.333333333333333,1.0756721870799
"median","debt_utility_tuned","cusum_tuned","variance",24,12,0.5,0.997117640903165
"median","debt_utility_tuned","alarm_tuned","abrupt_coef",24,24,1,0.280564192082697
"median","debt_utility_tuned","alarm_tuned","gradual",24,24,1,0.405163742295349
"median","debt_utility_tuned","alarm_tuned","variance",24,24,1,0.358900875837836
"median","debt_utility_tuned","debt_threshold_tuned","abrupt_coef",24,12,0.5,1.00152525915658
"median","debt_utility_tuned","debt_threshold_tuned","gradual",24,14,0.583333333333333,1.00420719684321
"median","debt_utility_tuned","debt_threshold_tuned","variance",24,12,0.5,0.99766769581497
"median","debt_utility_tuned","always_retrain","abrupt_coef",24,20,0.833333333333333,0.761993993483961
"median","debt_utility_tuned","always_retrain","gradual",24,20,0.833333333333333,0.738999336312468
"median","debt_utility_tuned","always_retrain","variance",24,20,0.833333333333333,0.684063001187896
"median","debt_utility_tuned","never_retrain","abrupt_coef",24,24,1,0.012647585476315
"median","debt_utility_tuned","never_retrain","gradual",24,24,1,0.0275279976506348
"median","debt_utility_tuned","never_retrain","variance",24,24,1,0.0167910414461462
"median","hybrid_utility_tuned","calendar10","abrupt_coef",24,24,1,0.30178536742055
"median","hybrid_utility_tuned","calendar10","gradual",24,24,1,0.428508738827846
"median","hybrid_utility_tuned","calendar10","variance",24,24,1,0.391672428253502
"median","hybrid_utility_tuned","calendar_tuned","abrupt_coef",24,20,0.833333333333333,0.815618465330797
"median","hybrid_utility_tuned","calendar_tuned","gradual",24,19,0.791666666666667,0.921761756455817
"median","hybrid_utility_tuned","calendar_tuned","variance",24,24,1,0.853993816431061
"median","hybrid_utility_tuned","cusum_tuned","abrupt_coef",24,8,0.333333333333333,1.04085415240232
"median","hybrid_utility_tuned","cusum_tuned","gradual",24,8,0.333333333333333,1.07756868387838
"median","hybrid_utility_tuned","cusum_tuned","variance",24,10,0.416666666666667,1.01577252258651
"median","hybrid_utility_tuned","alarm_tuned","abrupt_coef",24,24,1,0.280982755763893
"median","hybrid_utility_tuned","alarm_tuned","gradual",24,24,1,0.406137927634291
"median","hybrid_utility_tuned","alarm_tuned","variance",24,24,1,0.367018310014813
"median","hybrid_utility_tuned","debt_threshold_tuned","abrupt_coef",24,12,0.5,1.00456657649453
"median","hybrid_utility_tuned","debt_threshold_tuned","gradual",24,12,0.5,1.00643696168498
"median","hybrid_utility_tuned","debt_threshold_tuned","variance",24,12,0.5,1.01768255268482
"median","hybrid_utility_tuned","always_retrain","abrupt_coef",24,20,0.833333333333333,0.767549628393503
"median","hybrid_utility_tuned","always_retrain","gradual",24,20,0.833333333333333,0.737745080376249
"median","hybrid_utility_tuned","always_retrain","variance",24,24,1,0.690721647298078
"median","hybrid_utility_tuned","never_retrain","abrupt_coef",24,24,1,0.0126714522200533
"median","hybrid_utility_tuned","never_retrain","gradual",24,24,1,0.0275660014987969
"median","hybrid_utility_tuned","never_retrain","variance",24,24,1,0.0171593324462285
"q75","debt_utility_tuned","calendar10","abrupt_coef",24,24,1,0.465010235774424
"q75","debt_utility_tuned","calendar10","gradual",24,22,0.916666666666667,0.732443203574843
"q75","debt_utility_tuned","calendar10","variance",24,24,1,0.592875590053245
"q75","debt_utility_tuned","calendar_tuned","abrupt_coef",24,24,1,0.684081272360462
"q75","debt_utility_tuned","calendar_tuned","gradual",24,19,0.791666666666667,0.943991725808199
"q75","debt_utility_tuned","calendar_tuned","variance",24,24,1,0.774532205711995
"q75","debt_utility_tuned","cusum_tuned","abrupt_coef",24,0,0,1.1096453262262
"q75","debt_utility_tuned","cusum_tuned","gradual",24,0,0,1.29184347342804
"q75","debt_utility_tuned","cusum_tuned","variance",24,6,0.25,1.07172797534245
"q75","debt_utility_tuned","alarm_tuned","abrupt_coef",24,24,1,0.45459503692725
"q75","debt_utility_tuned","alarm_tuned","gradual",24,18,0.75,0.754513895874425
"q75","debt_utility_tuned","alarm_tuned","variance",24,24,1,0.597019293780357
"q75","debt_utility_tuned","debt_threshold_tuned","abrupt_coef",24,4,0.166666666666667,1.13414366665231
"q75","debt_utility_tuned","debt_threshold_tuned","gradual",24,4,0.166666666666667,1.3068077162492
"q75","debt_utility_tuned","debt_threshold_tuned","variance",24,4,0.166666666666667,1.13092296565718
"q75","debt_utility_tuned","always_retrain","abrupt_coef",24,24,1,0.440408502494707
"q75","debt_utility_tuned","always_retrain","gradual",24,24,1,0.435872955003864
"q75","debt_utility_tuned","always_retrain","variance",24,24,1,0.366651148455671
"q75","debt_utility_tuned","never_retrain","abrupt_coef",24,24,1,0.0234326651274722
"q75","debt_utility_tuned","never_retrain","gradual",24,24,1,0.0640929758449661
"q75","debt_utility_tuned","never_retrain","variance",24,24,1,0.0351183609605623
"q75","hybrid_utility_tuned","calendar10","abrupt_coef",24,24,1,0.452803672022643
"q75","hybrid_utility_tuned","calendar10","gradual",24,22,0.916666666666667,0.707011575433989
"q75","hybrid_utility_tuned","calendar10","variance",24,24,1,0.61655578612745
"q75","hybrid_utility_tuned","calendar_tuned","abrupt_coef",24,24,1,0.668703329001013
"q75","hybrid_utility_tuned","calendar_tuned","gradual",24,21,0.875,0.908158353222658
"q75","hybrid_utility_tuned","calendar_tuned","variance",24,24,1,0.808184530317455
"q75","hybrid_utility_tuned","cusum_tuned","abrupt_coef",24,0,0,1.08330971749704
"q75","hybrid_utility_tuned","cusum_tuned","gradual",24,0,0,1.24306064139058
"q75","hybrid_utility_tuned","cusum_tuned","variance",24,2,0.0833333333333333,1.11800987879274
"q75","hybrid_utility_tuned","alarm_tuned","abrupt_coef",24,24,1,0.442671001712822
"q75","hybrid_utility_tuned","alarm_tuned","gradual",24,19,0.791666666666667,0.729951033184577
"q75","hybrid_utility_tuned","alarm_tuned","variance",24,24,1,0.619365329169735
"q75","hybrid_utility_tuned","debt_threshold_tuned","abrupt_coef",24,2,0.0833333333333333,1.10645829734872
"q75","hybrid_utility_tuned","debt_threshold_tuned","gradual",24,4,0.166666666666667,1.25678807015113
"q75","hybrid_utility_tuned","debt_threshold_tuned","variance",24,1,0.0416666666666667,1.18024517995841
"q75","hybrid_utility_tuned","always_retrain","abrupt_coef",24,24,1,0.433094379442439
"q75","hybrid_utility_tuned","always_retrain","gradual",24,24,1,0.416868291593429
"q75","hybrid_utility_tuned","always_retrain","variance",24,24,1,0.385416911407164
"q75","hybrid_utility_tuned","never_retrain","abrupt_coef",24,24,1,0.0228360030706494
"q75","hybrid_utility_tuned","never_retrain","gradual",24,24,1,0.0623438836794294
"q75","hybrid_utility_tuned","never_retrain","variance",24,24,1,0.0360414608814405
